{"problem": "PNP", "D": 1.03e-09, "z": 1, "e": 1.602176634e-19, "k_b": 1.380649e-23, "temp": 298.0, "epsilon": 1.1521055130750681e-33, "dim": 1, "T": 3e-09, "X0": "lambda N: np.linspace(1/4 * 0.01, 3/4 * 0.01, N).reshape(N,1)", "L": 0.01, "N": [2, 4, 8, 16, 32, 64, 128, 256, 512, 1024, 2048, 4096, 8192], "method": ["EM-zero", "EM-full"], "dt": [1e-09], "boundaries": [{"b_type": "Reflective_1D_left", "b_parameters": {"X_min": 0}}, {"b_type": "Reflective_1D_right", "b_parameters": {"X_max": 0.01}}], "dx": [0.00125, 0.000625, 0.0003125, 0.00015625, 7.8125e-05, 3.90625e-05, 1.953125e-05, 9.765625e-06, 4.8828125e-06, 2.44140625e-06, 1.220703125e-06, 6.103515625e-07, 3.0517578125e-07, 1.52587890625e-07, 7.62939453125e-08], "c_0": "lambda X: 10.0 * ((X[:,0] > 1/4 * 0.01) & (X[:,0] < 3/4 * 0.01)).astype(float)", "c_0_max": 10.0, "c_norm": 10.0, "M_ions": 0.05, "phi_0": 0.0, "phi_L": 0.0, "mag": [0.0], "grad": [0.0], "v": [0.0], "sigma": [4.5387222871640865e-05], "n_simulations": 1, "kernel": "delta", "poisson_boundary": "homogeneous", "alpha": 139065095671980.03, "beta": 4.010957605770666e-08, "G": [0.0], "mu": [0.0]}
