{"problem": "PNP", "D": 1.03e-09, "z": 1, "e": 1.602176634e-19, "k_b": 1.380649e-23, "temp": 298.0, "epsilon": 1.1521055130750681e-33, "n_simulations": 1, "dim": 2, "T": 3e-09, "R": 0.001, "center": [0.0, 0.0], "N": [4, 8, 16, 32, 64, 128, 256, 512, 1024, 2048, 4096, 8192], "method": ["EM-zero", "EM-full", "EM-fmm"], "dt": [3e-09], "boundaries": [{"b_type": "Reflective_2D_circle", "b_parameters": {"R": 0.001, "center": [0.0, 0.0]}}], "M_ions": 1.7562037898877788e-05, "mag": [0.0, 0.0], "grad": [-0.0, -0.0], "v": [0.0, 0.0], "dx": [1.6666666666666667e-05], "c_0": "lambda X: 50.000003049976435 * (  np.exp(-( (X[:,0]--0.0003333333333333333)**2 + 0.2*(X[:,1]-0.0002)**2 ) / (2e-08) )+ np.exp(-( 0.2*(X[:,0]-0.0)**2   +     (X[:,1]--0.0003333333333333333)**2 ) / (3e-08) ) )", "c_0_max": 50.05000305302641, "c_norm": 50.000003049976435, "poisson_boundary": "homogeneous", "sigma": [4.5387222871640865e-05, 4.5387222871640865e-05], "kernel": "delta", "alpha": 139065095671980.03, "beta": 4.010957605770666e-08, "G": [0.0, 0.0], "mu": [0.0, 0.0]}